source,target,regex,code,section
/terms-of-service/,/terms-and-conditions/,0,301,A
/policies/,/refund-policy/,0,301,A
/how-to-enroll/,/online-classes/,0,301,A
/tech-requirements/,/online-classes/,0,301,A
/booking-process/,/folk-music-band-chokhi-vini-project-pushkar/,0,301,A
/courses/,/online-classes/,0,301,A
/events/,/8-day-winter-music-retreat-in-pushkar-singing-mantra-chanting-kirtan-harmonium/,0,301,A
/shop-now/,/online-classes/,0,301,A
/shop/,/online-classes/,0,301,A
/cart/,/,0,301,A
/checkout/,/,0,301,A
/my-account/,/,0,301,A
/home/,/,0,301,A
/pushkar-retreat-guidelines-terms-of-participation-2/,/pushkar-retreat-guidelines-terms-of-participation/,0,301,A
/music-classes-bhagsu-himachal/,/summer-music-retreat-upper-bhagsu/,0,301,A
/mantra-chanting-harmonium-workshops/,/online-classes/harmonium/,0,301,A
/singing-workshops/,/online-classes/singing/,0,301,A
/bhajan-kirtan-singing-workshops/,/online-classes/bhajan-kirtan/,0,301,A
/indian-classical-raga-khayal/,/online-classes/indian-classical-vocal/,0,301,A
/harmonium-teacher-online-for-personalized-lessons/,/online-classes/harmonium/,0,301,B
/online-harmonium-lessons-usa/,/online-classes/harmonium/,0,301,B
/online-harmonium-lessons-uk/,/online-classes/harmonium/,0,301,B
/bhajan-and-kirtan-classes-online-uk/,/online-classes/bhajan-kirtan/,0,301,B
/indian-classical-music-classes-online-uk/,/online-classes/indian-classical-vocal/,0,301,B
/best-online-music-teachers-for-indian-classical-vocals/,/online-classes/indian-classical-vocal/,0,301,B
/indian-music-classes-online-usa/,/online-classes/,0,301,B
/best-online-music-lessons-uk/,/online-classes/,0,301,B
/one-to-one-online-music-lessons-personalized-learning-for-all-levels/,/online-classes/,0,301,B
/indian-music-school-online-with-reviews/,/hear-from-our-attendees/,0,301,B
/what-is-kirtan/,/what-is-kirtan-a-complete-guide-for-western-travelers/,0,301,B
/kirtan-for-beginners/,/what-is-kirtan-a-complete-guide-for-western-travelers/,0,301,B
/beginner-kirtan-tips/,/how-to-lead-kirtan-at-your-yoga-studio-complete-guide/,0,301,B
/advanced-harmonium-techniques-for-kirtan/,/advanced-harmonium-techniques-for-kirtan-leaders-professional-mastery-guide/,0,301,B
/spiritual-music-benefits/,/kirtan-meditation-devotional-music-for-mental-health/,0,301,B
/harmonium-in-bhajans/,/how-to-sing-bhajans-with-harmonium/,0,301,B
/alankars-in-singing/,/indian-classical-music-singing-exercises/,0,301,B
/how-to-practice-alankars-correctly/,/indian-classical-music-singing-exercises/,0,301,B
/advanced-alankar-techniques/,/indian-classical-music-singing-exercises/,0,301,B
/indian-classical-singing-basics/,/indian-classical-music-singing-exercises/,0,301,B
/learn-indian-classical-music/,/indian-classical-music-singing-exercises/,0,301,B
/indian-classical-singing-exercises/,/indian-classical-music-singing-exercises/,0,301,B
/how-to-practice-palta/,/indian-classical-music-singing-exercises/,0,301,B
/daily-palta-routines/,/indian-classical-music-singing-exercises/,0,301,B
/breath-control-in-singing/,/how-to-improve-singing-voice-quality/,0,301,B
/swara-practice-for-beginners/,/basics-of-sa-re-ga-ma-in-indian-vocals/,0,301,B
/learn-tala-online/,/understanding-tala-and-rhythm-in-indian-music/,0,301,B
/10-tips-for-mastering-carnatic-vocal-techniques-for-beginners/,,0,410,C
/how-to-choose-the-right-instrument-for-your-child-violin-vs-mridangam/,,0,410,C
/learn-violin-online/,,0,410,C
